[
    {
        "title":"When did the programming language C++ came out?",
        "choices":[
            1997,
            1995,
            2000,
            1998
        ],
        "correctAnswer":3
    },
    {
        "title":"When Node.js came out?",
        "choices":[
            2010,
            2011,
            2009,
            2006
        ],
        "correctAnswer":2
    },
    {
        "title":"What brand of laptop do I have?",
        "choices":[
            "HP",
            "Acer",
            "Dell",
            "Lenovo"
        ],
        "correctAnswer":0
    },
    {
        "title":"How old am I?",
        "choices":[
            12,
            20,
            9,
            16
        ],
        "correctAnswer":3
    },
    {
        "title":"How old is Google?",
        "choices":[
            12,
            20,
            18,
            16
        ],
        "correctAnswer":2
    },

    {
        "title":"mysql_connect( ) does not take following parameter?",
        "choices":[
            database host,
            user Id,
            Password,
            database name
        ],
        "correctAnswer":2
    },

    {
        "title":"Which of the following is not a session function":[
            sssion_decode,
            session_id,
            session_destroy,
            session_pw
        ],
        "correctAnswer":2
    },


 {
        "title":"Which of the following delimiter syntax is PHP's default delimiter syntax":[
            <? php ?>,
            <%   %>,
            <?     ?>,
              <script language="php"> </script>
        ],
        "correctAnswer":2
    },

 {
        "title":"Which of the following delimiter is ASP style":[
            null,
            <% %>,
            <?     ?>,
              <script language="php"> </script>
        ],
        "correctAnswer":2
    },

{
        "title":"Which of following commenting is supported by Php":[
            Single line c++ syntax - //,
            Shell syntax - #,
            Both of above,
             None of above
        ],
        "correctAnswer":2
    },


{
        "title":"  Which of following function return 1 when output is successful?":[
           echo ( ) //,
              print ( ),
            both,
             None
        ],
        "correctAnswer":2
    },

{
        "title":" Which of the following type specifier is invalid in print f ( ) functions":[
           % a ,
               % b,
            % c,
            % d
        ],
        "correctAnswer":2
    },


{
        "title":" Which of the following function can assign the output to a string variable":[
          echo ( ) ,
             print ( ),
           print f ( ),
             s print f ( )
        ],
        "correctAnswer":2
    },
]